timestamp,symbol,tradingDay,open,high,low,close,volume
2018-09-10 09:30:00-04:00,VZ,2018-09-10,54.32,54.645,54.31,54.57,509288.0
2018-09-10 09:40:00-04:00,VZ,2018-09-10,54.57,54.68,54.51,54.614,235536.0
2018-09-10 09:50:00-04:00,VZ,2018-09-10,54.61,54.615,54.39,54.42,173052.0
2018-09-10 10:00:00-04:00,VZ,2018-09-10,54.42,54.42,54.29,54.34,147274.0
2018-09-10 10:10:00-04:00,VZ,2018-09-10,54.33,54.35,54.19,54.22,412162.0
2018-09-10 10:20:00-04:00,VZ,2018-09-10,54.2101,54.29,54.1,54.15,274921.0
2018-09-10 10:30:00-04:00,VZ,2018-09-10,54.15,54.215,54.1,54.185,156625.0
2018-09-10 10:40:00-04:00,VZ,2018-09-10,54.1899,54.24,54.1,54.11,105730.0
2018-09-10 10:50:00-04:00,VZ,2018-09-10,54.11,54.165,54.1,54.11,131156.0
2018-09-10 11:00:00-04:00,VZ,2018-09-10,54.11,54.12,54.005,54.055,133800.0
2018-09-10 11:10:00-04:00,VZ,2018-09-10,54.05,54.11,53.99,54.1,175338.0
2018-09-10 11:20:00-04:00,VZ,2018-09-10,54.107,54.19,54.095,54.18,146677.0
2018-09-10 11:30:00-04:00,VZ,2018-09-10,54.1739,54.21,54.155,54.16,116227.0
2018-09-10 11:40:00-04:00,VZ,2018-09-10,54.165,54.23,54.111000000000004,54.21,158225.0
2018-09-10 11:50:00-04:00,VZ,2018-09-10,54.205,54.21,54.085,54.095,113521.0
2018-09-10 12:00:00-04:00,VZ,2018-09-10,54.1,54.1099,54.0,54.01,111379.0
2018-09-10 12:10:00-04:00,VZ,2018-09-10,54.01,54.08,54.005,54.02,141595.0
2018-09-10 12:20:00-04:00,VZ,2018-09-10,54.025,54.12,54.01,54.105,116727.0
2018-09-10 12:30:00-04:00,VZ,2018-09-10,54.1,54.155,54.1,54.12,100310.0
2018-09-10 12:40:00-04:00,VZ,2018-09-10,54.115,54.2,54.1,54.165,101498.0
2018-09-10 12:50:00-04:00,VZ,2018-09-10,54.16,54.225,54.1418,54.1926,145427.0
2018-09-10 13:00:00-04:00,VZ,2018-09-10,54.195,54.25,54.19,54.23,135025.0
2018-09-10 13:10:00-04:00,VZ,2018-09-10,54.225,54.255,54.22,54.245,87957.0
2018-09-10 13:20:00-04:00,VZ,2018-09-10,54.245,54.28,54.22,54.26,103324.0
2018-09-10 13:30:00-04:00,VZ,2018-09-10,54.25,54.31,54.23,54.2945,147646.0
2018-09-10 13:40:00-04:00,VZ,2018-09-10,54.295,54.31,54.2501,54.2864,130632.0
2018-09-10 13:50:00-04:00,VZ,2018-09-10,54.285,54.34,54.26,54.33,175213.0
2018-09-10 14:00:00-04:00,VZ,2018-09-10,54.33,54.335,54.285,54.3033,119106.0
2018-09-10 14:10:00-04:00,VZ,2018-09-10,54.31,54.3398,54.291000000000004,54.31,153995.0
2018-09-10 14:20:00-04:00,VZ,2018-09-10,54.315,54.36,54.285,54.325,126552.0
2018-09-10 14:30:00-04:00,VZ,2018-09-10,54.325,54.36,54.31,54.35,132910.0
2018-09-10 14:40:00-04:00,VZ,2018-09-10,54.345,54.35,54.3,54.3265,132859.0
2018-09-10 14:50:00-04:00,VZ,2018-09-10,54.325,54.37,54.32,54.3661,161704.0
2018-09-10 15:00:00-04:00,VZ,2018-09-10,54.37,54.38,54.32,54.355,114323.0
2018-09-10 15:10:00-04:00,VZ,2018-09-10,54.3568,54.39,54.3,54.3034,175856.0
2018-09-10 15:20:00-04:00,VZ,2018-09-10,54.31,54.33,54.26,54.265,158311.0
2018-09-10 15:30:00-04:00,VZ,2018-09-10,54.26,54.31,54.245,54.255,154535.0
2018-09-10 15:40:00-04:00,VZ,2018-09-10,54.25,54.3,54.235,54.285,277862.0
2018-09-10 15:50:00-04:00,VZ,2018-09-10,54.28,54.295,54.1,54.13,1366488.0
2018-09-10 16:00:00-04:00,,,,,,,
2018-09-11 09:30:00-04:00,VZ,2018-09-11,54.29,54.47,54.21,54.39,160355.0
2018-09-11 09:40:00-04:00,VZ,2018-09-11,54.39,54.39,54.19,54.195,185113.0
2018-09-11 09:50:00-04:00,VZ,2018-09-11,54.2,54.305,54.11,54.3,113788.0
2018-09-11 10:00:00-04:00,VZ,2018-09-11,54.305,54.33,54.25,54.32,345567.0
2018-09-11 10:10:00-04:00,VZ,2018-09-11,54.33,54.43,54.33,54.39,439448.0
2018-09-11 10:20:00-04:00,VZ,2018-09-11,54.3901,54.55,54.39,54.5057,362234.0
2018-09-11 10:30:00-04:00,VZ,2018-09-11,54.5,54.51,54.44,54.45,337823.0
2018-09-11 10:40:00-04:00,VZ,2018-09-11,54.46,54.6,54.45,54.585,432973.0
2018-09-11 10:50:00-04:00,VZ,2018-09-11,54.58,54.615,54.53,54.57,207110.0
2018-09-11 11:00:00-04:00,VZ,2018-09-11,54.58,54.63,54.54,54.61,136273.0
2018-09-11 11:10:00-04:00,VZ,2018-09-11,54.61,54.64,54.57,54.615,158916.0
2018-09-11 11:20:00-04:00,VZ,2018-09-11,54.62,54.64,54.54,54.62,223172.0
2018-09-11 11:30:00-04:00,VZ,2018-09-11,54.62,54.725,54.61,54.69,174573.0
2018-09-11 11:40:00-04:00,VZ,2018-09-11,54.695,54.71,54.61,54.7,185821.0
2018-09-11 11:50:00-04:00,VZ,2018-09-11,54.705,54.765,54.69,54.7454,129279.0
2018-09-11 12:00:00-04:00,VZ,2018-09-11,54.74,54.7654,54.69,54.7646,97617.0
2018-09-11 12:10:00-04:00,VZ,2018-09-11,54.765,54.78,54.71,54.725,96324.0
2018-09-11 12:20:00-04:00,VZ,2018-09-11,54.725,54.76,54.7033,54.72,103985.0
2018-09-11 12:30:00-04:00,VZ,2018-09-11,54.725,54.75,54.65,54.71,145507.0
2018-09-11 12:40:00-04:00,VZ,2018-09-11,54.715,54.74,54.7,54.73,60078.0
2018-09-11 12:50:00-04:00,VZ,2018-09-11,54.735,54.765,54.73,54.755,89497.0
2018-09-11 13:00:00-04:00,VZ,2018-09-11,54.76,54.769,54.7,54.76,131090.0
2018-09-11 13:10:00-04:00,VZ,2018-09-11,54.7567,54.78,54.74,54.755,130716.0
2018-09-11 13:20:00-04:00,VZ,2018-09-11,54.755,54.82,54.74,54.82,167782.0
2018-09-11 13:30:00-04:00,VZ,2018-09-11,54.815,54.82,54.7542,54.76,428665.0
2018-09-11 13:40:00-04:00,VZ,2018-09-11,54.76,54.79,54.75,54.76,159922.0
2018-09-11 13:50:00-04:00,VZ,2018-09-11,54.7645,54.77,54.7,54.715,154981.0
2018-09-11 14:00:00-04:00,VZ,2018-09-11,54.715,54.74,54.71,54.74,169477.0
2018-09-11 14:10:00-04:00,VZ,2018-09-11,54.735,54.81,54.73,54.805,129986.0
2018-09-11 14:20:00-04:00,VZ,2018-09-11,54.805,54.81,54.75,54.785,184909.0
2018-09-11 14:30:00-04:00,VZ,2018-09-11,54.79,54.87,54.7843,54.87,182613.0
2018-09-11 14:40:00-04:00,VZ,2018-09-11,54.865,54.93,54.85,54.87,231527.0
2018-09-11 14:50:00-04:00,VZ,2018-09-11,54.87,54.89,54.82,54.82,163824.0
2018-09-11 15:00:00-04:00,VZ,2018-09-11,54.825,54.935,54.82,54.925,129816.0
2018-09-11 15:10:00-04:00,VZ,2018-09-11,54.93,54.96,54.89,54.895,246768.0
2018-09-11 15:20:00-04:00,VZ,2018-09-11,54.895,54.92,54.89,54.9,195694.0
2018-09-11 15:30:00-04:00,VZ,2018-09-11,54.89,54.905,54.81,54.8253,270800.0
2018-09-11 15:40:00-04:00,VZ,2018-09-11,54.825,54.85,54.7,54.71,315768.0
2018-09-11 15:50:00-04:00,VZ,2018-09-11,54.71,54.82,54.695,54.73,1183161.0
2018-09-11 16:00:00-04:00,VZ,2018-09-11,54.72,54.72,54.72,54.72,1184399.0
2018-09-12 09:30:00-04:00,VZ,2018-09-12,54.75,55.15,54.56,55.075,561861.0
2018-09-12 09:40:00-04:00,VZ,2018-09-12,55.07,55.2,54.96,55.19,250090.0
2018-09-12 09:50:00-04:00,VZ,2018-09-12,55.1875,55.27,55.11,55.23,373462.0
2018-09-12 10:00:00-04:00,VZ,2018-09-12,55.2334,55.42,55.2334,55.325,403992.0
2018-09-12 10:10:00-04:00,VZ,2018-09-12,55.3231,55.335,55.255,55.275,277333.0
2018-09-12 10:20:00-04:00,VZ,2018-09-12,55.27,55.31,55.2,55.245,346967.0
2018-09-12 10:30:00-04:00,VZ,2018-09-12,55.25,55.31,55.05,55.105,367360.0
2018-09-12 10:40:00-04:00,VZ,2018-09-12,55.11,55.29,55.07,55.283,207801.0
2018-09-12 10:50:00-04:00,VZ,2018-09-12,55.285,55.42,55.285,55.385,349073.0
2018-09-12 11:00:00-04:00,VZ,2018-09-12,55.39,55.4,55.16,55.16,454719.0
2018-09-12 11:10:00-04:00,VZ,2018-09-12,55.165,55.27,55.11,55.1148,295206.0
2018-09-12 11:20:00-04:00,VZ,2018-09-12,55.1112,55.165,55.06,55.15,398826.0
2018-09-12 11:30:00-04:00,VZ,2018-09-12,55.155,55.17,54.975,55.105,263134.0
2018-09-12 11:40:00-04:00,VZ,2018-09-12,55.1,55.12,55.03,55.04,198422.0
2018-09-12 11:50:00-04:00,VZ,2018-09-12,55.035,55.085,55.0001,55.01,192528.0
2018-09-12 12:00:00-04:00,VZ,2018-09-12,55.01,55.05,54.93,54.98,236109.0
2018-09-12 12:10:00-04:00,VZ,2018-09-12,54.98,55.11,54.98,55.015,447957.0
2018-09-12 12:20:00-04:00,VZ,2018-09-12,55.0136,55.16,55.01,55.129,379073.0
2018-09-12 12:30:00-04:00,VZ,2018-09-12,55.13,55.17,55.11,55.15,130831.0
2018-09-12 12:40:00-04:00,VZ,2018-09-12,55.15,55.1639,55.12,55.125,67405.0
2018-09-12 12:50:00-04:00,VZ,2018-09-12,55.125,55.155,55.12,55.135,120165.0
2018-09-12 13:00:00-04:00,VZ,2018-09-12,55.1352,55.16,55.125,55.1461,128175.0
2018-09-12 13:10:00-04:00,VZ,2018-09-12,55.1448,55.205,55.12,55.13,152869.0
2018-09-12 13:20:00-04:00,VZ,2018-09-12,55.13,55.14,55.09,55.0964,153103.0
2018-09-12 13:30:00-04:00,VZ,2018-09-12,55.095,55.11,55.035,55.0446,105403.0
2018-09-12 13:40:00-04:00,VZ,2018-09-12,55.045,55.06,54.975,54.995,157185.0
2018-09-12 13:50:00-04:00,VZ,2018-09-12,54.995,55.02,54.97,54.9944,185697.0
2018-09-12 14:00:00-04:00,VZ,2018-09-12,54.995,55.02,54.93,54.955,338127.0
2018-09-12 14:10:00-04:00,VZ,2018-09-12,54.955,55.03,54.86,54.945,367645.0
2018-09-12 14:20:00-04:00,VZ,2018-09-12,54.94,54.995,54.91,54.9101,389557.0
2018-09-12 14:30:00-04:00,VZ,2018-09-12,54.915,54.927,54.88,54.885,157323.0
2018-09-12 14:40:00-04:00,VZ,2018-09-12,54.88,54.97,54.84,54.935,228895.0
2018-09-12 14:50:00-04:00,VZ,2018-09-12,54.931000000000004,54.98,54.905,54.91,164466.0
2018-09-12 15:00:00-04:00,VZ,2018-09-12,54.91,54.94,54.885,54.89,199513.0
2018-09-12 15:10:00-04:00,VZ,2018-09-12,54.88,54.955,54.85,54.91,245488.0
2018-09-12 15:20:00-04:00,VZ,2018-09-12,54.9,54.97,54.89,54.965,232619.0
2018-09-12 15:30:00-04:00,VZ,2018-09-12,54.965,55.06,54.96,55.045,225923.0
2018-09-12 15:40:00-04:00,VZ,2018-09-12,55.045,55.075,55.0101,55.015,272448.0
2018-09-12 15:50:00-04:00,VZ,2018-09-12,55.02,55.04,54.95,54.96,845202.0
2018-09-12 16:00:00-04:00,VZ,2018-09-12,54.97,54.97,54.97,54.97,1074594.0
2018-09-13 09:30:00-04:00,VZ,2018-09-13,55.08,55.08,54.27,54.54,546585.0
2018-09-13 09:40:00-04:00,VZ,2018-09-13,54.54,54.635,54.45,54.48,315277.0
2018-09-13 09:50:00-04:00,VZ,2018-09-13,54.485,54.61,54.47,54.52,226523.0
2018-09-13 10:00:00-04:00,VZ,2018-09-13,54.53,54.73,54.525,54.68,221826.0
2018-09-13 10:10:00-04:00,VZ,2018-09-13,54.69,54.74,54.55,54.69,297639.0
2018-09-13 10:20:00-04:00,VZ,2018-09-13,54.695,54.79,54.67,54.7855,222143.0
2018-09-13 10:30:00-04:00,VZ,2018-09-13,54.79,54.86,54.6,54.64,1365707.0
2018-09-13 10:40:00-04:00,VZ,2018-09-13,54.64,54.78,54.58,54.745,314267.0
2018-09-13 10:50:00-04:00,VZ,2018-09-13,54.7488,54.8,54.6,54.615,197712.0
2018-09-13 11:00:00-04:00,VZ,2018-09-13,54.62,54.85,54.59,54.845,255689.0
2018-09-13 11:10:00-04:00,VZ,2018-09-13,54.845,54.85,54.755,54.82,152806.0
2018-09-13 11:20:00-04:00,VZ,2018-09-13,54.82,54.86,54.785,54.8,130330.0
2018-09-13 11:30:00-04:00,VZ,2018-09-13,54.795,54.87,54.79,54.84,127243.0
2018-09-13 11:40:00-04:00,VZ,2018-09-13,54.83,54.88,54.805,54.875,134204.0
2018-09-13 11:50:00-04:00,VZ,2018-09-13,54.875,54.92,54.86,54.92,101898.0
2018-09-13 12:00:00-04:00,VZ,2018-09-13,54.92,54.96,54.865,54.905,128774.0
2018-09-13 12:10:00-04:00,VZ,2018-09-13,54.905,54.91,54.84,54.895,99411.0
2018-09-13 12:20:00-04:00,VZ,2018-09-13,54.89,54.96,54.89,54.94,102854.0
2018-09-13 12:30:00-04:00,VZ,2018-09-13,54.94,54.94,54.81,54.825,128053.0
2018-09-13 12:40:00-04:00,VZ,2018-09-13,54.82,54.845,54.791000000000004,54.84,62435.0
2018-09-13 12:50:00-04:00,VZ,2018-09-13,54.835,54.94,54.821000000000005,54.925,78919.0
2018-09-13 13:00:00-04:00,VZ,2018-09-13,54.92,54.945,54.903,54.91,56246.0
2018-09-13 13:10:00-04:00,VZ,2018-09-13,54.91,54.96,54.89,54.96,224509.0
2018-09-13 13:20:00-04:00,VZ,2018-09-13,54.96,55.02,54.94,54.98,200461.0
2018-09-13 13:30:00-04:00,VZ,2018-09-13,54.975,54.98,54.92,54.9233,127128.0
2018-09-13 13:40:00-04:00,VZ,2018-09-13,54.9222,54.96,54.9101,54.94,105924.0
2018-09-13 13:50:00-04:00,VZ,2018-09-13,54.9413,54.98,54.9,54.92,91887.0
2018-09-13 14:00:00-04:00,VZ,2018-09-13,54.91,54.92,54.87,54.9157,108843.0
2018-09-13 14:10:00-04:00,VZ,2018-09-13,54.915,54.9558,54.9,54.94,109251.0
2018-09-13 14:20:00-04:00,VZ,2018-09-13,54.94,54.95,54.91,54.92,74528.0
2018-09-13 14:30:00-04:00,VZ,2018-09-13,54.91,54.94,54.89,54.9329,91443.0
2018-09-13 14:40:00-04:00,VZ,2018-09-13,54.9349,54.97,54.92,54.955,88881.0
2018-09-13 14:50:00-04:00,VZ,2018-09-13,54.955,55.0,54.94,54.95,84437.0
2018-09-13 15:00:00-04:00,VZ,2018-09-13,54.9565,54.9852,54.925,54.95,166566.0
2018-09-13 15:10:00-04:00,VZ,2018-09-13,54.9456,54.97,54.93,54.945,138253.0
2018-09-13 15:20:00-04:00,VZ,2018-09-13,54.945,54.98,54.93,54.98,136424.0
2018-09-13 15:30:00-04:00,VZ,2018-09-13,54.975,55.01,54.94,54.945,211400.0
2018-09-13 15:40:00-04:00,VZ,2018-09-13,54.945,54.99,54.88,54.9134,305127.0
2018-09-13 15:50:00-04:00,VZ,2018-09-13,54.915,54.975,54.89,54.96,820833.0
2018-09-13 16:00:00-04:00,,,,,,,
2018-09-14 09:30:00-04:00,VZ,2018-09-14,54.96,54.99,54.35,54.43,442806.0
2018-09-14 09:40:00-04:00,VZ,2018-09-14,54.44,54.5299,54.375,54.485,204779.0
2018-09-14 09:50:00-04:00,VZ,2018-09-14,54.49,54.6,54.485,54.545,124544.0
2018-09-14 10:00:00-04:00,VZ,2018-09-14,54.54,54.56,54.39,54.39,205119.0
2018-09-14 10:10:00-04:00,VZ,2018-09-14,54.39,54.42,54.32,54.41,225165.0
2018-09-14 10:20:00-04:00,VZ,2018-09-14,54.42,54.435,54.335,54.3699,134784.0
2018-09-14 10:30:00-04:00,VZ,2018-09-14,54.37,54.49,54.34,54.49,163432.0
2018-09-14 10:40:00-04:00,VZ,2018-09-14,54.495,54.5953,54.495,54.56,165721.0
2018-09-14 10:50:00-04:00,VZ,2018-09-14,54.56,54.56,54.4,54.4,182457.0
2018-09-14 11:00:00-04:00,VZ,2018-09-14,54.4049,54.45,54.345,54.44,142146.0
2018-09-14 11:10:00-04:00,VZ,2018-09-14,54.45,54.465,54.4,54.4532,152620.0
2018-09-14 11:20:00-04:00,VZ,2018-09-14,54.455,54.54,54.395,54.405,174482.0
2018-09-14 11:30:00-04:00,VZ,2018-09-14,54.405,54.45,54.28,54.28,1190062.0
2018-09-14 11:40:00-04:00,VZ,2018-09-14,54.275,54.3158,54.23,54.23,131943.0
2018-09-14 11:50:00-04:00,VZ,2018-09-14,54.235,54.365,54.205,54.365,144003.0
2018-09-14 12:00:00-04:00,VZ,2018-09-14,54.37,54.4,54.225,54.385,404529.0
2018-09-14 12:10:00-04:00,VZ,2018-09-14,54.385,54.395,54.27,54.3259,152981.0
2018-09-14 12:20:00-04:00,VZ,2018-09-14,54.325,54.37,54.27,54.32,135303.0
2018-09-14 12:30:00-04:00,VZ,2018-09-14,54.33,54.353,54.23,54.255,156106.0
2018-09-14 12:40:00-04:00,VZ,2018-09-14,54.255,54.27,54.19,54.22,255921.0
2018-09-14 12:50:00-04:00,VZ,2018-09-14,54.22,54.27,54.18,54.24,220837.0
2018-09-14 13:00:00-04:00,VZ,2018-09-14,54.24,54.38,54.235,54.32,241555.0
2018-09-14 13:10:00-04:00,VZ,2018-09-14,54.31,54.34,54.27,54.3057,119106.0
2018-09-14 13:20:00-04:00,VZ,2018-09-14,54.305,54.36,54.28,54.285,146998.0
2018-09-14 13:30:00-04:00,VZ,2018-09-14,54.285,54.33,54.25,54.26,93421.0
2018-09-14 13:40:00-04:00,VZ,2018-09-14,54.2524,54.28,54.21,54.215,108146.0
2018-09-14 13:50:00-04:00,VZ,2018-09-14,54.215,54.28,54.2131,54.28,121656.0
2018-09-14 14:00:00-04:00,VZ,2018-09-14,54.28,54.3,54.23,54.265,93908.0
2018-09-14 14:10:00-04:00,VZ,2018-09-14,54.27,54.27,54.23,54.2669,168395.0
2018-09-14 14:20:00-04:00,VZ,2018-09-14,54.265,54.2975,54.255,54.2941,148854.0
2018-09-14 14:30:00-04:00,VZ,2018-09-14,54.295,54.3,54.23,54.275,149571.0
2018-09-14 14:40:00-04:00,VZ,2018-09-14,54.275,54.28,54.25,54.26,143061.0
2018-09-14 14:50:00-04:00,VZ,2018-09-14,54.26,54.28,54.25,54.275,145108.0
2018-09-14 15:00:00-04:00,VZ,2018-09-14,54.2701,54.34,54.2701,54.34,133067.0
2018-09-14 15:10:00-04:00,VZ,2018-09-14,54.335,54.4099,54.33,54.3901,484942.0
2018-09-14 15:20:00-04:00,VZ,2018-09-14,54.395,54.43,54.39,54.4045,263573.0
2018-09-14 15:30:00-04:00,VZ,2018-09-14,54.405,54.44,54.37,54.44,350864.0
2018-09-14 15:40:00-04:00,VZ,2018-09-14,54.4399,54.58,54.43,54.55,489674.0
2018-09-14 15:50:00-04:00,VZ,2018-09-14,54.55,54.59,54.53,54.545,937572.0
2018-09-14 16:00:00-04:00,VZ,2018-09-14,54.55,54.55,54.55,54.55,200.0
2018-09-17 09:30:00-04:00,VZ,2018-09-17,54.79,54.9,54.51,54.89,300894.0
2018-09-17 09:40:00-04:00,VZ,2018-09-17,54.89,54.99,54.66,54.79,216579.0
2018-09-17 09:50:00-04:00,VZ,2018-09-17,54.7959,54.84,54.73,54.776,161611.0
2018-09-17 10:00:00-04:00,VZ,2018-09-17,54.775,54.99,54.775,54.98,266859.0
2018-09-17 10:10:00-04:00,VZ,2018-09-17,54.98,55.0199,54.925,54.985,429521.0
2018-09-17 10:20:00-04:00,VZ,2018-09-17,54.99,55.01,54.895,54.895,356161.0
2018-09-17 10:30:00-04:00,VZ,2018-09-17,54.89,54.98,54.85,54.95,240014.0
2018-09-17 10:40:00-04:00,VZ,2018-09-17,54.941,54.97,54.88,54.9188,144159.0
2018-09-17 10:50:00-04:00,VZ,2018-09-17,54.91,54.92,54.74,54.74,189239.0
2018-09-17 11:00:00-04:00,VZ,2018-09-17,54.74,54.76,54.64,54.73,225214.0
2018-09-17 11:10:00-04:00,VZ,2018-09-17,54.73,54.73,54.6,54.71,159120.0
2018-09-17 11:20:00-04:00,VZ,2018-09-17,54.7033,54.71,54.6,54.64,121480.0
2018-09-17 11:30:00-04:00,VZ,2018-09-17,54.635,54.68,54.6,54.64,136351.0
2018-09-17 11:40:00-04:00,VZ,2018-09-17,54.645,54.74,54.64,54.7125,118724.0
2018-09-17 11:50:00-04:00,VZ,2018-09-17,54.71,54.715,54.57,54.6096,143628.0
2018-09-17 12:00:00-04:00,VZ,2018-09-17,54.61,54.63,54.55,54.61,186887.0
2018-09-17 12:10:00-04:00,VZ,2018-09-17,54.615,54.63,54.59,54.61,94020.0
2018-09-17 12:20:00-04:00,VZ,2018-09-17,54.6149,54.6381,54.5516,54.6381,108196.0
2018-09-17 12:30:00-04:00,VZ,2018-09-17,54.63,54.66,54.6,54.64,79093.0
2018-09-17 12:40:00-04:00,VZ,2018-09-17,54.6377,54.64,54.61,54.61,89488.0
2018-09-17 12:50:00-04:00,VZ,2018-09-17,54.61,54.7,54.6,54.68,111114.0
2018-09-17 13:00:00-04:00,VZ,2018-09-17,54.68,54.69,54.63,54.6667,108781.0
2018-09-17 13:10:00-04:00,VZ,2018-09-17,54.66,54.66,54.55,54.58,138170.0
2018-09-17 13:20:00-04:00,VZ,2018-09-17,54.585,54.62,54.58,54.62,111905.0
2018-09-17 13:30:00-04:00,VZ,2018-09-17,54.62,54.63,54.51,54.54,231645.0
2018-09-17 13:40:00-04:00,VZ,2018-09-17,54.545,54.6,54.54,54.57,109625.0
2018-09-17 13:50:00-04:00,VZ,2018-09-17,54.56,54.57,54.49,54.52,150860.0
2018-09-17 14:00:00-04:00,VZ,2018-09-17,54.5199,54.55,54.505,54.535,112324.0
2018-09-17 14:10:00-04:00,VZ,2018-09-17,54.54,54.57,54.513999999999996,54.52,146827.0
2018-09-17 14:20:00-04:00,VZ,2018-09-17,54.5199,54.52,54.49,54.52,94901.0
2018-09-17 14:30:00-04:00,VZ,2018-09-17,54.515,54.58,54.515,54.575,111299.0
2018-09-17 14:40:00-04:00,VZ,2018-09-17,54.58,54.62,54.57,54.58,101188.0
2018-09-17 14:50:00-04:00,VZ,2018-09-17,54.59,54.59,54.43,54.45,207719.0
2018-09-17 15:00:00-04:00,VZ,2018-09-17,54.45,54.52,54.435,54.485,231428.0
2018-09-17 15:10:00-04:00,VZ,2018-09-17,54.49,54.53,54.46,54.495,169000.0
2018-09-17 15:20:00-04:00,VZ,2018-09-17,54.49,54.52,54.445,54.505,188842.0
2018-09-17 15:30:00-04:00,VZ,2018-09-17,54.505,54.59,54.49,54.585,233084.0
2018-09-17 15:40:00-04:00,VZ,2018-09-17,54.59,54.68,54.57,54.64,405640.0
2018-09-17 15:50:00-04:00,VZ,2018-09-17,54.63,54.71,54.6,54.7,982094.0
2018-09-17 16:00:00-04:00,,,,,,,
2018-09-18 09:30:00-04:00,VZ,2018-09-18,54.39,54.66,54.29,54.44,361369.0
2018-09-18 09:40:00-04:00,VZ,2018-09-18,54.445,54.68,54.41,54.41,197218.0
2018-09-18 09:50:00-04:00,VZ,2018-09-18,54.41,54.59,54.375,54.59,209063.0
2018-09-18 10:00:00-04:00,VZ,2018-09-18,54.6,54.62,54.455,54.4742,209728.0
2018-09-18 10:10:00-04:00,VZ,2018-09-18,54.475,54.64,54.415,54.63399999999999,214510.0
2018-09-18 10:20:00-04:00,VZ,2018-09-18,54.64,54.77,54.635,54.73,662178.0
2018-09-18 10:30:00-04:00,VZ,2018-09-18,54.725,54.75,54.655,54.705,296733.0
2018-09-18 10:40:00-04:00,VZ,2018-09-18,54.7,54.77,54.68,54.755,186675.0
2018-09-18 10:50:00-04:00,VZ,2018-09-18,54.756,54.77,54.665,54.67,156381.0
2018-09-18 11:00:00-04:00,VZ,2018-09-18,54.67,54.77,54.665,54.77,156803.0
2018-09-18 11:10:00-04:00,VZ,2018-09-18,54.77,54.81,54.705,54.775,227690.0
2018-09-18 11:20:00-04:00,VZ,2018-09-18,54.77,54.775,54.7,54.7535,142422.0
2018-09-18 11:30:00-04:00,VZ,2018-09-18,54.75,54.76,54.7,54.725,151175.0
2018-09-18 11:40:00-04:00,VZ,2018-09-18,54.725,54.76,54.7,54.7,195027.0
2018-09-18 11:50:00-04:00,VZ,2018-09-18,54.7,54.708999999999996,54.64,54.69,164674.0
2018-09-18 12:00:00-04:00,VZ,2018-09-18,54.69,54.77,54.66,54.74,131764.0
2018-09-18 12:10:00-04:00,VZ,2018-09-18,54.74,54.7573,54.71,54.73,146677.0
2018-09-18 12:20:00-04:00,VZ,2018-09-18,54.73,54.73,54.61,54.626000000000005,243816.0
2018-09-18 12:30:00-04:00,VZ,2018-09-18,54.62,54.68,54.605,54.64,129254.0
2018-09-18 12:40:00-04:00,VZ,2018-09-18,54.64,54.6499,54.5449,54.556999999999995,153149.0
2018-09-18 12:50:00-04:00,VZ,2018-09-18,54.55,54.59,54.535,54.5829,106980.0
2018-09-18 13:00:00-04:00,VZ,2018-09-18,54.58,54.6,54.535,54.6,106867.0
2018-09-18 13:10:00-04:00,VZ,2018-09-18,54.595,54.7,54.59,54.685,137674.0
2018-09-18 13:20:00-04:00,VZ,2018-09-18,54.685,54.7,54.62,54.6867,160577.0
2018-09-18 13:30:00-04:00,VZ,2018-09-18,54.68,54.72,54.67,54.715,125010.0
2018-09-18 13:40:00-04:00,VZ,2018-09-18,54.715,54.73,54.675,54.7133,96197.0
2018-09-18 13:50:00-04:00,VZ,2018-09-18,54.711000000000006,54.72,54.68,54.71,139742.0
2018-09-18 14:00:00-04:00,VZ,2018-09-18,54.71,54.71,54.62,54.62,157311.0
2018-09-18 14:10:00-04:00,VZ,2018-09-18,54.63,54.71,54.61,54.705,208375.0
2018-09-18 14:20:00-04:00,VZ,2018-09-18,54.7099,54.71,54.65,54.66,221918.0
2018-09-18 14:30:00-04:00,VZ,2018-09-18,54.66,54.7,54.61,54.625,251923.0
2018-09-18 14:40:00-04:00,VZ,2018-09-18,54.623999999999995,54.7,54.62,54.62,183438.0
2018-09-18 14:50:00-04:00,VZ,2018-09-18,54.6236,54.64,54.574,54.615,211218.0
2018-09-18 15:00:00-04:00,VZ,2018-09-18,54.615,54.6567,54.565,54.6,186222.0
2018-09-18 15:10:00-04:00,VZ,2018-09-18,54.6,54.61,54.535,54.535,326064.0
2018-09-18 15:20:00-04:00,VZ,2018-09-18,54.54,54.57,54.49,54.5,334841.0
2018-09-18 15:30:00-04:00,VZ,2018-09-18,54.495,54.515,54.43,54.4577,620177.0
2018-09-18 15:40:00-04:00,VZ,2018-09-18,54.46,54.5,54.4,54.4,539214.0
2018-09-18 15:50:00-04:00,VZ,2018-09-18,54.4,54.43,54.36,54.39,1637815.0
2018-09-18 16:00:00-04:00,VZ,2018-09-18,54.4,54.4,54.39,54.39,2143604.0
2018-09-19 09:30:00-04:00,VZ,2018-09-19,54.62,54.7,54.4245,54.515,302247.0
2018-09-19 09:40:00-04:00,VZ,2018-09-19,54.5186,54.55,54.36,54.38,343684.0
2018-09-19 09:50:00-04:00,VZ,2018-09-19,54.38,54.4499,54.22,54.23,260309.0
2018-09-19 10:00:00-04:00,VZ,2018-09-19,54.2226,54.25,54.14,54.175,335780.0
2018-09-19 10:10:00-04:00,VZ,2018-09-19,54.18,54.24,54.0,54.015,572215.0
2018-09-19 10:20:00-04:00,VZ,2018-09-19,54.0172,54.09,53.98,54.03,338100.0
2018-09-19 10:30:00-04:00,VZ,2018-09-19,54.033,54.05,53.98,54.01,387456.0
2018-09-19 10:40:00-04:00,VZ,2018-09-19,54.0051,54.1,53.99,53.9959,279777.0
2018-09-19 10:50:00-04:00,VZ,2018-09-19,54.0,54.07,53.915,53.95,200392.0
2018-09-19 11:00:00-04:00,VZ,2018-09-19,53.9585,54.01,53.85,53.875,382847.0
2018-09-19 11:10:00-04:00,VZ,2018-09-19,53.88,53.89,53.775,53.7978,256296.0
2018-09-19 11:20:00-04:00,VZ,2018-09-19,53.795,53.81,53.65,53.66,419807.0
2018-09-19 11:30:00-04:00,VZ,2018-09-19,53.66,53.735,53.58,53.655,516243.0
2018-09-19 11:40:00-04:00,VZ,2018-09-19,53.655,53.8,53.61,53.79,309768.0
2018-09-19 11:50:00-04:00,VZ,2018-09-19,53.79,53.88,53.785,53.8332,271968.0
2018-09-19 12:00:00-04:00,VZ,2018-09-19,53.83,53.91,53.792,53.7933,183594.0
2018-09-19 12:10:00-04:00,VZ,2018-09-19,53.795,53.92,53.785,53.88,188130.0
2018-09-19 12:20:00-04:00,VZ,2018-09-19,53.87,53.88,53.755,53.765,165107.0
2018-09-19 12:30:00-04:00,VZ,2018-09-19,53.765,53.83,53.75,53.8122,132528.0
2018-09-19 12:40:00-04:00,VZ,2018-09-19,53.82,53.87,53.81,53.865,120843.0
2018-09-19 12:50:00-04:00,VZ,2018-09-19,53.87,53.88,53.785,53.785,162198.0
2018-09-19 13:00:00-04:00,VZ,2018-09-19,53.7819,53.79,53.72,53.7313,123809.0
2018-09-19 13:10:00-04:00,VZ,2018-09-19,53.735,53.76,53.72,53.7232,108172.0
2018-09-19 13:20:00-04:00,VZ,2018-09-19,53.73,53.73,53.7,53.73,115118.0
2018-09-19 13:30:00-04:00,VZ,2018-09-19,53.725,53.77,53.715,53.755,152972.0
2018-09-19 13:40:00-04:00,VZ,2018-09-19,53.75,53.79,53.7,53.7,123907.0
2018-09-19 13:50:00-04:00,VZ,2018-09-19,53.7,53.74,53.64,53.66,190464.0
2018-09-19 14:00:00-04:00,VZ,2018-09-19,53.65,53.7,53.595,53.615,295514.0
2018-09-19 14:10:00-04:00,VZ,2018-09-19,53.61,53.7,53.5966,53.695,194128.0
2018-09-19 14:20:00-04:00,VZ,2018-09-19,53.695,53.695,53.63,53.64,142256.0
2018-09-19 14:30:00-04:00,VZ,2018-09-19,53.64,53.65,53.585,53.6,192672.0
2018-09-19 14:40:00-04:00,VZ,2018-09-19,53.5952,53.62,53.58,53.6,196895.0
2018-09-19 14:50:00-04:00,VZ,2018-09-19,53.59,53.6,53.53,53.535,279006.0
2018-09-19 15:00:00-04:00,VZ,2018-09-19,53.54,53.54,53.43,53.47,653680.0
2018-09-19 15:10:00-04:00,VZ,2018-09-19,53.48,53.48,53.37,53.38,482843.0
2018-09-19 15:20:00-04:00,VZ,2018-09-19,53.37,53.44,53.37,53.415,666308.0
2018-09-19 15:30:00-04:00,VZ,2018-09-19,53.4146,53.42,53.38,53.4,543082.0
2018-09-19 15:40:00-04:00,VZ,2018-09-19,53.39,53.49,53.39,53.465,794178.0
2018-09-19 15:50:00-04:00,VZ,2018-09-19,53.465,53.5,53.45,53.49,1674821.0
2018-09-19 16:00:00-04:00,,,,,,,
2018-09-20 09:30:00-04:00,VZ,2018-09-20,53.6,53.73,53.317,53.655,669295.0
2018-09-20 09:40:00-04:00,VZ,2018-09-20,53.66,53.73,53.56,53.57,462362.0
2018-09-20 09:50:00-04:00,VZ,2018-09-20,53.57,53.61,53.445,53.48,344073.0
2018-09-20 10:00:00-04:00,VZ,2018-09-20,53.48,53.58,53.45,53.55,340077.0
2018-09-20 10:10:00-04:00,VZ,2018-09-20,53.55,53.6,53.5292,53.56,206421.0
2018-09-20 10:20:00-04:00,VZ,2018-09-20,53.56,53.59,53.52,53.535,355526.0
2018-09-20 10:30:00-04:00,VZ,2018-09-20,53.53,53.55,53.48,53.52,320572.0
2018-09-20 10:40:00-04:00,VZ,2018-09-20,53.53,53.58,53.5,53.565,227386.0
2018-09-20 10:50:00-04:00,VZ,2018-09-20,53.57,53.58,53.49,53.515,227406.0
2018-09-20 11:00:00-04:00,VZ,2018-09-20,53.515,53.52,53.4735,53.49,254348.0
2018-09-20 11:10:00-04:00,VZ,2018-09-20,53.49,53.56,53.481,53.55,215371.0
2018-09-20 11:20:00-04:00,VZ,2018-09-20,53.55,53.79,53.54,53.785,369699.0
2018-09-20 11:30:00-04:00,VZ,2018-09-20,53.7872,53.865,53.75,53.835,246622.0
2018-09-20 11:40:00-04:00,VZ,2018-09-20,53.8331,53.91,53.785,53.905,206244.0
2018-09-20 11:50:00-04:00,VZ,2018-09-20,53.91,53.98,53.89,53.955,235468.0
2018-09-20 12:00:00-04:00,VZ,2018-09-20,53.955,53.995,53.89,53.94,387738.0
2018-09-20 12:10:00-04:00,VZ,2018-09-20,53.94,54.15,53.94,54.08,375504.0
2018-09-20 12:20:00-04:00,VZ,2018-09-20,54.0751,54.0751,53.94,53.95,160172.0
2018-09-20 12:30:00-04:00,VZ,2018-09-20,53.945,53.96,53.9,53.945,147870.0
2018-09-20 12:40:00-04:00,VZ,2018-09-20,53.94,53.96,53.835,53.8569,193146.0
2018-09-20 12:50:00-04:00,VZ,2018-09-20,53.855,53.855,53.8,53.8,141136.0
2018-09-20 13:00:00-04:00,VZ,2018-09-20,53.805,53.915,53.8,53.9,150083.0
2018-09-20 13:10:00-04:00,VZ,2018-09-20,53.9,53.92,53.83,53.86,131709.0
2018-09-20 13:20:00-04:00,VZ,2018-09-20,53.87,53.89,53.825,53.8368,107653.0
2018-09-20 13:30:00-04:00,VZ,2018-09-20,53.83,53.99,53.83,53.99,185383.0
2018-09-20 13:40:00-04:00,VZ,2018-09-20,53.983000000000004,54.02,53.945,54.0129,244160.0
2018-09-20 13:50:00-04:00,VZ,2018-09-20,54.015,54.028999999999996,53.97,54.02,166900.0
2018-09-20 14:00:00-04:00,VZ,2018-09-20,54.015,54.02,53.925,53.955,258573.0
2018-09-20 14:10:00-04:00,VZ,2018-09-20,53.955,54.055,53.951,54.0,228282.0
2018-09-20 14:20:00-04:00,VZ,2018-09-20,54.0,54.00899999999999,53.845,53.85,291226.0
2018-09-20 14:30:00-04:00,VZ,2018-09-20,53.855,53.87,53.77,53.77,275562.0
2018-09-20 14:40:00-04:00,VZ,2018-09-20,53.775,53.85,53.76,53.85,149546.0
2018-09-20 14:50:00-04:00,VZ,2018-09-20,53.845,53.925,53.845,53.881,154394.0
2018-09-20 15:00:00-04:00,VZ,2018-09-20,53.89,53.945,53.88,53.905,171811.0
2018-09-20 15:10:00-04:00,VZ,2018-09-20,53.909,53.91,53.85,53.85,247086.0
2018-09-20 15:20:00-04:00,VZ,2018-09-20,53.8513,53.87,53.81,53.815,212577.0
2018-09-20 15:30:00-04:00,VZ,2018-09-20,53.8134,53.89,53.8,53.855,283225.0
2018-09-20 15:40:00-04:00,VZ,2018-09-20,53.855,53.89,53.805,53.88,459571.0
2018-09-20 15:50:00-04:00,VZ,2018-09-20,53.87,53.96,53.84,53.96,1051966.0
2018-09-20 16:00:00-04:00,,,,,,,
2018-09-21 09:30:00-04:00,VZ,2018-09-21,54.23,54.74,54.12,54.1443,741777.0
2018-09-21 09:40:00-04:00,VZ,2018-09-21,54.15,54.65,54.15,54.57,451907.0
2018-09-21 09:50:00-04:00,VZ,2018-09-21,54.575,54.575,54.36,54.43,312179.0
2018-09-21 10:00:00-04:00,VZ,2018-09-21,54.43,54.54,54.34,54.35,343328.0
2018-09-21 10:10:00-04:00,VZ,2018-09-21,54.36,54.53,54.33,54.365,288670.0
2018-09-21 10:20:00-04:00,VZ,2018-09-21,54.36,54.44,54.29,54.43,258648.0
2018-09-21 10:30:00-04:00,VZ,2018-09-21,54.435,54.495,54.4171,54.47,248444.0
2018-09-21 10:40:00-04:00,VZ,2018-09-21,54.47,54.54,54.43,54.4852,223826.0
2018-09-21 10:50:00-04:00,VZ,2018-09-21,54.49,54.5,54.35,54.385,305544.0
2018-09-21 11:00:00-04:00,VZ,2018-09-21,54.385,54.42,54.29,54.325,169294.0
2018-09-21 11:10:00-04:00,VZ,2018-09-21,54.325,54.325,54.195,54.255,247933.0
2018-09-21 11:20:00-04:00,VZ,2018-09-21,54.255,54.27,54.15,54.2,193467.0
2018-09-21 11:30:00-04:00,VZ,2018-09-21,54.19,54.42,54.19,54.41,189364.0
2018-09-21 11:40:00-04:00,VZ,2018-09-21,54.41,54.5,54.405,54.482,243024.0
2018-09-21 11:50:00-04:00,VZ,2018-09-21,54.485,54.52,54.41,54.5176,132292.0
2018-09-21 12:00:00-04:00,VZ,2018-09-21,54.52,54.53,54.44,54.4836,146234.0
2018-09-21 12:10:00-04:00,VZ,2018-09-21,54.49,54.55,54.49,54.53,178564.0
2018-09-21 12:20:00-04:00,VZ,2018-09-21,54.535,54.59,54.49,54.58,293192.0
2018-09-21 12:30:00-04:00,VZ,2018-09-21,54.58,54.67,54.58,54.64,173204.0
2018-09-21 12:40:00-04:00,VZ,2018-09-21,54.64,54.64,54.5,54.525,242716.0
2018-09-21 12:50:00-04:00,VZ,2018-09-21,54.525,54.54,54.49,54.495,138237.0
2018-09-21 13:00:00-04:00,VZ,2018-09-21,54.495,54.57,54.49,54.515,125183.0
2018-09-21 13:10:00-04:00,VZ,2018-09-21,54.515,54.59,54.475,54.59,144870.0
2018-09-21 13:20:00-04:00,VZ,2018-09-21,54.59,54.65,54.5725,54.58,122332.0
2018-09-21 13:30:00-04:00,VZ,2018-09-21,54.58,54.6,54.51,54.585,144728.0
2018-09-21 13:40:00-04:00,VZ,2018-09-21,54.59,54.6257,54.57,54.6,98588.0
2018-09-21 13:50:00-04:00,VZ,2018-09-21,54.6,54.615,54.535,54.6,117068.0
2018-09-21 14:00:00-04:00,VZ,2018-09-21,54.6,54.61,54.49,54.5,205807.0
2018-09-21 14:10:00-04:00,VZ,2018-09-21,54.49,54.545,54.45,54.537,181315.0
2018-09-21 14:20:00-04:00,VZ,2018-09-21,54.53,54.57,54.51,54.55,181708.0
2018-09-21 14:30:00-04:00,VZ,2018-09-21,54.55,54.59,54.51,54.54,182283.0
2018-09-21 14:40:00-04:00,VZ,2018-09-21,54.545,54.58,54.5199,54.575,147474.0
2018-09-21 14:50:00-04:00,VZ,2018-09-21,54.57,54.63,54.523,54.62,203627.0
2018-09-21 15:00:00-04:00,VZ,2018-09-21,54.618,54.645,54.61,54.63,306052.0
2018-09-21 15:10:00-04:00,VZ,2018-09-21,54.635,54.725,54.6344,54.6775,267683.0
2018-09-21 15:20:00-04:00,VZ,2018-09-21,54.68,54.7,54.63,54.64,332614.0
2018-09-21 15:30:00-04:00,VZ,2018-09-21,54.64,54.64,54.36,54.36,707124.0
2018-09-21 15:40:00-04:00,VZ,2018-09-21,54.365,54.51,54.27,54.4742,1571830.0
2018-09-21 15:50:00-04:00,VZ,2018-09-21,54.47,54.805,54.39,54.44,4350201.0
2018-09-21 16:00:00-04:00,VZ,2018-09-21,54.42,54.42,54.42,54.42,20641826.0
2018-09-24 09:30:00-04:00,VZ,2018-09-24,54.31,54.494,54.25,54.34,249317.0
2018-09-24 09:40:00-04:00,VZ,2018-09-24,54.34,54.36,54.1,54.12,273867.0
2018-09-24 09:50:00-04:00,VZ,2018-09-24,54.11,54.12,53.89,53.96,272827.0
2018-09-24 10:00:00-04:00,VZ,2018-09-24,53.95,54.0,53.9,53.965,335183.0
2018-09-24 10:10:00-04:00,VZ,2018-09-24,53.96,54.04,53.93,53.9899,311203.0
2018-09-24 10:20:00-04:00,VZ,2018-09-24,53.98,53.99,53.85,53.87,254020.0
2018-09-24 10:30:00-04:00,VZ,2018-09-24,53.8783,53.93,53.71,53.73,309173.0
2018-09-24 10:40:00-04:00,VZ,2018-09-24,53.735,53.76,53.63,53.72,314928.0
2018-09-24 10:50:00-04:00,VZ,2018-09-24,53.73,53.875,53.725,53.8,187353.0
2018-09-24 11:00:00-04:00,VZ,2018-09-24,53.8,53.9,53.785,53.835,166605.0
2018-09-24 11:10:00-04:00,VZ,2018-09-24,53.835,53.835,53.69,53.755,239441.0
2018-09-24 11:20:00-04:00,VZ,2018-09-24,53.755,53.805,53.725,53.7433,240999.0
2018-09-24 11:30:00-04:00,VZ,2018-09-24,53.7401,53.805,53.69,53.7136,379987.0
2018-09-24 11:40:00-04:00,VZ,2018-09-24,53.71,53.73,53.625,53.63,213126.0
2018-09-24 11:50:00-04:00,VZ,2018-09-24,53.635,53.64,53.54,53.5725,248173.0
2018-09-24 12:00:00-04:00,VZ,2018-09-24,53.57,53.59,53.525,53.56,228875.0
2018-09-24 12:10:00-04:00,VZ,2018-09-24,53.55,53.6,53.535,53.58,292768.0
2018-09-24 12:20:00-04:00,VZ,2018-09-24,53.58,53.64,53.57,53.635,664055.0
2018-09-24 12:30:00-04:00,VZ,2018-09-24,53.635,53.66,53.55,53.571999999999996,278507.0
2018-09-24 12:40:00-04:00,VZ,2018-09-24,53.57,53.675,53.57,53.6375,316293.0
2018-09-24 12:50:00-04:00,VZ,2018-09-24,53.6356,53.65,53.585,53.5948,207911.0
2018-09-24 13:00:00-04:00,VZ,2018-09-24,53.595,53.6065,53.5338,53.56,160336.0
2018-09-24 13:10:00-04:00,VZ,2018-09-24,53.56,53.59,53.53,53.56100000000001,272121.0
2018-09-24 13:20:00-04:00,VZ,2018-09-24,53.57,53.6266,53.56,53.62,198839.0
2018-09-24 13:30:00-04:00,VZ,2018-09-24,53.62,53.66,53.6,53.625,142973.0
2018-09-24 13:40:00-04:00,VZ,2018-09-24,53.6234,53.69,53.6224,53.635,173435.0
2018-09-24 13:50:00-04:00,VZ,2018-09-24,53.63,53.64,53.6,53.61,164628.0
2018-09-24 14:00:00-04:00,VZ,2018-09-24,53.6101,53.6523,53.59,53.597,208045.0
2018-09-24 14:10:00-04:00,VZ,2018-09-24,53.5968,53.65,53.58,53.6,169751.0
2018-09-24 14:20:00-04:00,VZ,2018-09-24,53.59,53.63,53.58,53.615,185810.0
2018-09-24 14:30:00-04:00,VZ,2018-09-24,53.6168,53.665,53.6,53.6524,179322.0
2018-09-24 14:40:00-04:00,VZ,2018-09-24,53.6501,53.66,53.59,53.6215,244078.0
2018-09-24 14:50:00-04:00,VZ,2018-09-24,53.63,53.63,53.6,53.6167,231190.0
2018-09-24 15:00:00-04:00,VZ,2018-09-24,53.615,53.65,53.59,53.59,281117.0
2018-09-24 15:10:00-04:00,VZ,2018-09-24,53.5968,53.63,53.57,53.59,323257.0
2018-09-24 15:20:00-04:00,VZ,2018-09-24,53.59,53.6,53.5632,53.5843,247934.0
2018-09-24 15:30:00-04:00,VZ,2018-09-24,53.585,53.615,53.55,53.565,486266.0
2018-09-24 15:40:00-04:00,VZ,2018-09-24,53.56,53.59,53.55,53.57,460754.0
2018-09-24 15:50:00-04:00,VZ,2018-09-24,53.575,53.6,53.54,53.54,1083254.0
2018-09-24 16:00:00-04:00,VZ,2018-09-24,53.54,53.54,53.54,53.54,1459342.0
2018-09-25 09:30:00-04:00,VZ,2018-09-25,53.5,53.64,53.2601,53.37,508638.0
2018-09-25 09:40:00-04:00,VZ,2018-09-25,53.37,53.51,53.36,53.41,251944.0
2018-09-25 09:50:00-04:00,VZ,2018-09-25,53.41,53.42,53.27,53.275,207509.0
2018-09-25 10:00:00-04:00,VZ,2018-09-25,53.275,53.38,53.22,53.33,198554.0
2018-09-25 10:10:00-04:00,VZ,2018-09-25,53.33,53.38,53.24,53.365,189279.0
2018-09-25 10:20:00-04:00,VZ,2018-09-25,53.36,53.49,53.34,53.48,249499.0
2018-09-25 10:30:00-04:00,VZ,2018-09-25,53.48,53.5175,53.43,53.49,187188.0
2018-09-25 10:40:00-04:00,VZ,2018-09-25,53.49,53.49,53.39,53.415,252348.0
2018-09-25 10:50:00-04:00,VZ,2018-09-25,53.41,53.46,53.345,53.365,308898.0
2018-09-25 11:00:00-04:00,VZ,2018-09-25,53.3669,53.5,53.34,53.495,87268.0
2018-09-25 11:10:00-04:00,VZ,2018-09-25,53.5,53.5268,53.46,53.4878,140315.0
2018-09-25 11:20:00-04:00,VZ,2018-09-25,53.485,53.58,53.4844,53.53,117555.0
2018-09-25 11:30:00-04:00,VZ,2018-09-25,53.535,53.66,53.53,53.565,206208.0
2018-09-25 11:40:00-04:00,VZ,2018-09-25,53.565,53.565,53.4747,53.5167,225843.0
2018-09-25 11:50:00-04:00,VZ,2018-09-25,53.513999999999996,53.52,53.41,53.4546,123333.0
2018-09-25 12:00:00-04:00,VZ,2018-09-25,53.46,53.55,53.46,53.54,81201.0
2018-09-25 12:10:00-04:00,VZ,2018-09-25,53.5381,53.54,53.46,53.47,97592.0
2018-09-25 12:20:00-04:00,VZ,2018-09-25,53.48,53.5,53.42,53.45,195728.0
2018-09-25 12:30:00-04:00,VZ,2018-09-25,53.45,53.51,53.45,53.51,88255.0
2018-09-25 12:40:00-04:00,VZ,2018-09-25,53.515,53.53,53.45,53.455,83560.0
2018-09-25 12:50:00-04:00,VZ,2018-09-25,53.455,53.48,53.425,53.44,88422.0
2018-09-25 13:00:00-04:00,VZ,2018-09-25,53.44,53.44,53.36,53.36,83970.0
2018-09-25 13:10:00-04:00,VZ,2018-09-25,53.3699,53.3899,53.325,53.33,128742.0
2018-09-25 13:20:00-04:00,VZ,2018-09-25,53.335,53.335,53.28,53.29,95732.0
2018-09-25 13:30:00-04:00,VZ,2018-09-25,53.29,53.29,53.21,53.225,299777.0
2018-09-25 13:40:00-04:00,VZ,2018-09-25,53.22,53.245,53.14,53.23,217106.0
2018-09-25 13:50:00-04:00,VZ,2018-09-25,53.225,53.23,53.14,53.17,137132.0
2018-09-25 14:00:00-04:00,VZ,2018-09-25,53.17,53.25,53.12,53.2,173686.0
2018-09-25 14:10:00-04:00,VZ,2018-09-25,53.205,53.24,53.18,53.23,154143.0
2018-09-25 14:20:00-04:00,VZ,2018-09-25,53.23,53.23,53.16,53.1618,185934.0
2018-09-25 14:30:00-04:00,VZ,2018-09-25,53.165,53.22,53.16,53.21,217338.0
2018-09-25 14:40:00-04:00,VZ,2018-09-25,53.2124,53.25,53.18,53.185,169491.0
2018-09-25 14:50:00-04:00,VZ,2018-09-25,53.18,53.21,53.15,53.21,180446.0
2018-09-25 15:00:00-04:00,VZ,2018-09-25,53.21,53.21,53.17,53.205,213272.0
2018-09-25 15:10:00-04:00,VZ,2018-09-25,53.2083,53.22,53.15,53.17,228915.0
2018-09-25 15:20:00-04:00,VZ,2018-09-25,53.17,53.21,53.16,53.2033,379150.0
2018-09-25 15:30:00-04:00,VZ,2018-09-25,53.2,53.22,53.15,53.185,287281.0
2018-09-25 15:40:00-04:00,VZ,2018-09-25,53.18,53.185,53.12,53.151,376975.0
2018-09-25 15:50:00-04:00,VZ,2018-09-25,53.15,53.16,52.92,53.06,2229787.0
2018-09-25 16:00:00-04:00,,,,,,,
2018-09-26 09:30:00-04:00,VZ,2018-09-26,53.29,53.38,53.12,53.24,324073.0
2018-09-26 09:40:00-04:00,VZ,2018-09-26,53.24,53.29,53.18,53.205,141393.0
2018-09-26 09:50:00-04:00,VZ,2018-09-26,53.2033,53.28,53.19,53.273,471911.0
2018-09-26 10:00:00-04:00,VZ,2018-09-26,53.28,53.3,53.21,53.27,129228.0
2018-09-26 10:10:00-04:00,VZ,2018-09-26,53.26,53.39,53.245,53.35,181233.0
2018-09-26 10:20:00-04:00,VZ,2018-09-26,53.35,53.38,53.285,53.31,332932.0
2018-09-26 10:30:00-04:00,VZ,2018-09-26,53.31,53.33,53.27,53.285,124019.0
2018-09-26 10:40:00-04:00,VZ,2018-09-26,53.29,53.43,53.28,53.41,201213.0
2018-09-26 10:50:00-04:00,VZ,2018-09-26,53.41,53.51,53.41,53.5,321197.0
2018-09-26 11:00:00-04:00,VZ,2018-09-26,53.5001,53.58,53.495,53.515,174531.0
2018-09-26 11:10:00-04:00,VZ,2018-09-26,53.52,53.54,53.44,53.4599,146682.0
2018-09-26 11:20:00-04:00,VZ,2018-09-26,53.45,53.46,53.38,53.43,172389.0
2018-09-26 11:30:00-04:00,VZ,2018-09-26,53.44,53.52,53.435,53.5081,294023.0
2018-09-26 11:40:00-04:00,VZ,2018-09-26,53.5001,53.51,53.445,53.48,119722.0
2018-09-26 11:50:00-04:00,VZ,2018-09-26,53.4773,53.51,53.465,53.47,111838.0
2018-09-26 12:00:00-04:00,VZ,2018-09-26,53.48,53.49,53.45,53.455,86554.0
2018-09-26 12:10:00-04:00,VZ,2018-09-26,53.455,53.51,53.44,53.51,626201.0
2018-09-26 12:20:00-04:00,VZ,2018-09-26,53.51,53.53,53.44,53.44,434493.0
2018-09-26 12:30:00-04:00,VZ,2018-09-26,53.445,53.4752,53.37,53.465,243455.0
2018-09-26 12:40:00-04:00,VZ,2018-09-26,53.465,53.47,53.34,53.37,91539.0
2018-09-26 12:50:00-04:00,VZ,2018-09-26,53.365,53.4,53.325,53.395,117899.0
2018-09-26 13:00:00-04:00,VZ,2018-09-26,53.395,53.4499,53.375,53.42,119999.0
2018-09-26 13:10:00-04:00,VZ,2018-09-26,53.42,53.44,53.375,53.39,58402.0
2018-09-26 13:20:00-04:00,VZ,2018-09-26,53.3845,53.4,53.35,53.37,94967.0
2018-09-26 13:30:00-04:00,VZ,2018-09-26,53.37,53.42,53.365,53.38,119340.0
2018-09-26 13:40:00-04:00,VZ,2018-09-26,53.375,53.41,53.345,53.4016,178383.0
2018-09-26 13:50:00-04:00,VZ,2018-09-26,53.4,53.56,53.39,53.46,247246.0
2018-09-26 14:00:00-04:00,VZ,2018-09-26,53.47,53.555,53.35,53.36,136878.0
2018-09-26 14:10:00-04:00,VZ,2018-09-26,53.36,53.39,53.31,53.3162,127388.0
2018-09-26 14:20:00-04:00,VZ,2018-09-26,53.3164,53.375,53.3,53.36,274373.0
2018-09-26 14:30:00-04:00,VZ,2018-09-26,53.36,53.371,53.295,53.3,301584.0
2018-09-26 14:40:00-04:00,VZ,2018-09-26,53.3,53.33,53.27,53.295,195096.0
2018-09-26 14:50:00-04:00,VZ,2018-09-26,53.295,53.34,53.29,53.34,215445.0
2018-09-26 15:00:00-04:00,VZ,2018-09-26,53.335,53.4,53.3,53.395,190266.0
2018-09-26 15:10:00-04:00,VZ,2018-09-26,53.395,53.41,53.37,53.3745,107810.0
2018-09-26 15:20:00-04:00,VZ,2018-09-26,53.3739,53.3761,53.29,53.301,258959.0
2018-09-26 15:30:00-04:00,VZ,2018-09-26,53.3,53.3,53.18,53.25,268884.0
2018-09-26 15:40:00-04:00,VZ,2018-09-26,53.25,53.25,53.08,53.11,647143.0
2018-09-26 15:50:00-04:00,VZ,2018-09-26,53.11,53.2,53.1,53.14,1405544.0
2018-09-26 16:00:00-04:00,VZ,2018-09-26,53.15,53.15,53.14,53.14,1671327.0
2018-09-27 09:30:00-04:00,VZ,2018-09-27,53.15,53.33,53.15,53.22,264124.0
2018-09-27 09:40:00-04:00,VZ,2018-09-27,53.22,53.4,53.19,53.35,201370.0
2018-09-27 09:50:00-04:00,VZ,2018-09-27,53.35,53.3758,53.285,53.3758,251351.0
2018-09-27 10:00:00-04:00,VZ,2018-09-27,53.37,53.545,53.36,53.48,414639.0
2018-09-27 10:10:00-04:00,VZ,2018-09-27,53.48,53.565,53.465,53.519,117079.0
2018-09-27 10:20:00-04:00,VZ,2018-09-27,53.515,53.71,53.515,53.71,221465.0
2018-09-27 10:30:00-04:00,VZ,2018-09-27,53.7098,53.79,53.6946,53.79,396159.0
2018-09-27 10:40:00-04:00,VZ,2018-09-27,53.784,53.87,53.78,53.815,237641.0
2018-09-27 10:50:00-04:00,VZ,2018-09-27,53.81,53.84,53.63,53.675,291443.0
2018-09-27 11:00:00-04:00,VZ,2018-09-27,53.6799,53.74,53.64,53.73,205676.0
2018-09-27 11:10:00-04:00,VZ,2018-09-27,53.74,53.74,53.67,53.695,166345.0
2018-09-27 11:20:00-04:00,VZ,2018-09-27,53.695,53.75,53.62,53.62,201249.0
2018-09-27 11:30:00-04:00,VZ,2018-09-27,53.6259,53.6259,53.51,53.525,222634.0
2018-09-27 11:40:00-04:00,VZ,2018-09-27,53.52,53.52,53.42,53.4546,258920.0
2018-09-27 11:50:00-04:00,VZ,2018-09-27,53.46,53.5,53.43,53.5,97202.0
2018-09-27 12:00:00-04:00,VZ,2018-09-27,53.5,53.59,53.46,53.53,154047.0
2018-09-27 12:10:00-04:00,VZ,2018-09-27,53.53,53.575,53.49,53.56,99469.0
2018-09-27 12:20:00-04:00,VZ,2018-09-27,53.56,53.565,53.5,53.545,94658.0
2018-09-27 12:30:00-04:00,VZ,2018-09-27,53.5473,53.59,53.54,53.585,118298.0
2018-09-27 12:40:00-04:00,VZ,2018-09-27,53.58,53.59,53.54,53.57,113998.0
2018-09-27 12:50:00-04:00,VZ,2018-09-27,53.57,53.59,53.56,53.575,67944.0
2018-09-27 13:00:00-04:00,VZ,2018-09-27,53.5704,53.58,53.525,53.5258,89197.0
2018-09-27 13:10:00-04:00,VZ,2018-09-27,53.5273,53.56,53.5,53.53,114708.0
2018-09-27 13:20:00-04:00,VZ,2018-09-27,53.5228,53.53,53.47,53.485,145911.0
2018-09-27 13:30:00-04:00,VZ,2018-09-27,53.485,53.49,53.445,53.465,77714.0
2018-09-27 13:40:00-04:00,VZ,2018-09-27,53.4655,53.4655,53.4,53.43,98527.0
2018-09-27 13:50:00-04:00,VZ,2018-09-27,53.435,53.4398,53.35,53.37,145003.0
2018-09-27 14:00:00-04:00,VZ,2018-09-27,53.37,53.38,53.32,53.3568,303909.0
2018-09-27 14:10:00-04:00,VZ,2018-09-27,53.357,53.37,53.3301,53.365,263201.0
2018-09-27 14:20:00-04:00,VZ,2018-09-27,53.365,53.43,53.35,53.43,318371.0
2018-09-27 14:30:00-04:00,VZ,2018-09-27,53.425,53.495,53.415,53.49,273797.0
2018-09-27 14:40:00-04:00,VZ,2018-09-27,53.485,53.53,53.48,53.53,146300.0
2018-09-27 14:50:00-04:00,VZ,2018-09-27,53.53,53.61,53.525,53.5737,208456.0
2018-09-27 15:00:00-04:00,VZ,2018-09-27,53.575,53.58,53.53,53.54,114166.0
2018-09-27 15:10:00-04:00,VZ,2018-09-27,53.54,53.6,53.53,53.6,128625.0
2018-09-27 15:20:00-04:00,VZ,2018-09-27,53.595,53.62,53.54,53.54,191011.0
2018-09-27 15:30:00-04:00,VZ,2018-09-27,53.545,53.545,53.43,53.445,224961.0
2018-09-27 15:40:00-04:00,VZ,2018-09-27,53.445,53.54,53.43,53.52,365828.0
2018-09-27 15:50:00-04:00,VZ,2018-09-27,53.51,53.6199,53.51,53.6,1388045.0
2018-09-27 16:00:00-04:00,,,,,,,
2018-09-28 09:30:00-04:00,VZ,2018-09-28,53.47,53.56,53.3635,53.41,183362.0
2018-09-28 09:40:00-04:00,VZ,2018-09-28,53.42,53.5401,53.365,53.42,153300.0
2018-09-28 09:50:00-04:00,VZ,2018-09-28,53.41,53.44,53.345,53.37,110754.0
2018-09-28 10:00:00-04:00,VZ,2018-09-28,53.38,53.38,53.28,53.325,153628.0
2018-09-28 10:10:00-04:00,VZ,2018-09-28,53.3269,53.37,53.29,53.3301,147436.0
2018-09-28 10:20:00-04:00,VZ,2018-09-28,53.3382,53.43,53.3382,53.4008,174260.0
2018-09-28 10:30:00-04:00,VZ,2018-09-28,53.41,53.54,53.365,53.537,280008.0
2018-09-28 10:40:00-04:00,VZ,2018-09-28,53.53,53.54,53.44,53.48,173694.0
2018-09-28 10:50:00-04:00,VZ,2018-09-28,53.485,53.54,53.4837,53.505,103841.0
2018-09-28 11:00:00-04:00,VZ,2018-09-28,53.5,53.53,53.45,53.495,204729.0
2018-09-28 11:10:00-04:00,VZ,2018-09-28,53.49,53.505,53.44,53.445,109903.0
2018-09-28 11:20:00-04:00,VZ,2018-09-28,53.4421,53.54,53.435,53.5169,142988.0
2018-09-28 11:30:00-04:00,VZ,2018-09-28,53.515,53.53,53.475,53.525,134791.0
2018-09-28 11:40:00-04:00,VZ,2018-09-28,53.5299,53.54,53.485,53.4968,121150.0
2018-09-28 11:50:00-04:00,VZ,2018-09-28,53.49,53.56,53.48,53.52,126704.0
2018-09-28 12:00:00-04:00,VZ,2018-09-28,53.5247,53.54,53.48,53.51,128948.0
2018-09-28 12:10:00-04:00,VZ,2018-09-28,53.505,53.54,53.47,53.48,119902.0
2018-09-28 12:20:00-04:00,VZ,2018-09-28,53.485,53.53,53.47,53.48,71615.0
2018-09-28 12:30:00-04:00,VZ,2018-09-28,53.485,53.5,53.44,53.455,96796.0
2018-09-28 12:40:00-04:00,VZ,2018-09-28,53.455,53.5,53.39,53.39,157868.0
2018-09-28 12:50:00-04:00,VZ,2018-09-28,53.3956,53.45,53.39,53.415,187222.0
2018-09-28 13:00:00-04:00,VZ,2018-09-28,53.415,53.44,53.29,53.335,205341.0
2018-09-28 13:10:00-04:00,VZ,2018-09-28,53.335,53.38,53.33,53.375,70508.0
2018-09-28 13:20:00-04:00,VZ,2018-09-28,53.375,53.44,53.33,53.38,342234.0
2018-09-28 13:30:00-04:00,VZ,2018-09-28,53.385,53.42,53.35,53.365,218859.0
2018-09-28 13:40:00-04:00,VZ,2018-09-28,53.37,53.489,53.36,53.4751,201303.0
2018-09-28 13:50:00-04:00,VZ,2018-09-28,53.475,53.53,53.4746,53.515,107318.0
2018-09-28 14:00:00-04:00,VZ,2018-09-28,53.515,53.52,53.385,53.4132,153928.0
2018-09-28 14:10:00-04:00,VZ,2018-09-28,53.415,53.455,53.4,53.4499,116432.0
2018-09-28 14:20:00-04:00,VZ,2018-09-28,53.45,53.48,53.4,53.405,112561.0
2018-09-28 14:30:00-04:00,VZ,2018-09-28,53.405,53.47,53.4,53.435,130365.0
2018-09-28 14:40:00-04:00,VZ,2018-09-28,53.435,53.45,53.43,53.43,139152.0
2018-09-28 14:50:00-04:00,VZ,2018-09-28,53.435,53.44,53.36,53.36,173149.0
2018-09-28 15:00:00-04:00,VZ,2018-09-28,53.365,53.38,53.29,53.29,272031.0
2018-09-28 15:10:00-04:00,VZ,2018-09-28,53.28,53.325,53.27,53.285,159895.0
2018-09-28 15:20:00-04:00,VZ,2018-09-28,53.2801,53.35,53.27,53.3033,226855.0
2018-09-28 15:30:00-04:00,VZ,2018-09-28,53.3,53.33,53.28,53.295,342965.0
2018-09-28 15:40:00-04:00,VZ,2018-09-28,53.29,53.405,53.29,53.39,453159.0
2018-09-28 15:50:00-04:00,VZ,2018-09-28,53.395,53.42,53.29,53.38,1249727.0
2018-09-28 16:00:00-04:00,,,,,,,
2018-10-01 09:30:00-04:00,VZ,2018-10-01,53.61,53.7,53.5,53.55,378672.0
2018-10-01 09:40:00-04:00,VZ,2018-10-01,53.55,53.665,53.52,53.59,173698.0
2018-10-01 09:50:00-04:00,VZ,2018-10-01,53.59,53.65,53.55,53.64,242067.0
2018-10-01 10:00:00-04:00,VZ,2018-10-01,53.65,53.65,53.59,53.63,115903.0
2018-10-01 10:10:00-04:00,VZ,2018-10-01,53.62,53.74,53.59,53.7333,183242.0
2018-10-01 10:20:00-04:00,VZ,2018-10-01,53.74,53.76,53.7,53.76,143483.0
2018-10-01 10:30:00-04:00,VZ,2018-10-01,53.76,53.8,53.73,53.755,175643.0
2018-10-01 10:40:00-04:00,VZ,2018-10-01,53.76,53.76,53.74,53.76,102600.0
2018-10-01 10:50:00-04:00,VZ,2018-10-01,53.755,53.8,53.74,53.775,134869.0
2018-10-01 11:00:00-04:00,VZ,2018-10-01,53.77,53.915,53.77,53.835,631424.0
2018-10-01 11:10:00-04:00,VZ,2018-10-01,53.835,53.865,53.8,53.86,154435.0
2018-10-01 11:20:00-04:00,VZ,2018-10-01,53.865,53.87,53.73,53.73,178181.0
2018-10-01 11:30:00-04:00,VZ,2018-10-01,53.735,53.81,53.68,53.8036,177799.0
2018-10-01 11:40:00-04:00,VZ,2018-10-01,53.8,53.81,53.77,53.8,102927.0
2018-10-01 11:50:00-04:00,VZ,2018-10-01,53.8,53.81,53.7,53.713,114473.0
2018-10-01 12:00:00-04:00,VZ,2018-10-01,53.7158,53.73,53.68,53.72,105721.0
2018-10-01 12:10:00-04:00,VZ,2018-10-01,53.72,53.74,53.7,53.7,78646.0
2018-10-01 12:20:00-04:00,VZ,2018-10-01,53.705,53.74,53.63,53.6477,161716.0
2018-10-01 12:30:00-04:00,VZ,2018-10-01,53.6449,53.65,53.6,53.61,109029.0
2018-10-01 12:40:00-04:00,VZ,2018-10-01,53.61600000000001,53.63,53.585,53.63,102393.0
2018-10-01 12:50:00-04:00,VZ,2018-10-01,53.63,53.67,53.61,53.6299,121515.0
2018-10-01 13:00:00-04:00,VZ,2018-10-01,53.626000000000005,53.725,53.614,53.7101,137759.0
2018-10-01 13:10:00-04:00,VZ,2018-10-01,53.7152,53.76,53.7,53.75899999999999,109026.0
2018-10-01 13:20:00-04:00,VZ,2018-10-01,53.76,53.79,53.73,53.7459,126422.0
2018-10-01 13:30:00-04:00,VZ,2018-10-01,53.7404,53.77,53.73,53.765,87192.0
2018-10-01 13:40:00-04:00,VZ,2018-10-01,53.77,53.77,53.76,53.77,107266.0
2018-10-01 13:50:00-04:00,VZ,2018-10-01,53.77,53.815,53.74,53.76,276824.0
2018-10-01 14:00:00-04:00,VZ,2018-10-01,53.76,53.81,53.71,53.805,183929.0
2018-10-01 14:10:00-04:00,VZ,2018-10-01,53.81,53.825,53.75,53.78,207876.0
2018-10-01 14:20:00-04:00,VZ,2018-10-01,53.78,53.8,53.75,53.785,110568.0
2018-10-01 14:30:00-04:00,VZ,2018-10-01,53.79,53.81,53.74,53.81,227933.0
2018-10-01 14:40:00-04:00,VZ,2018-10-01,53.81,53.82,53.76,53.805,111215.0
2018-10-01 14:50:00-04:00,VZ,2018-10-01,53.8,53.83,53.79,53.825,120820.0
2018-10-01 15:00:00-04:00,VZ,2018-10-01,53.82,53.85,53.78,53.8144,170749.0
2018-10-01 15:10:00-04:00,VZ,2018-10-01,53.82,53.83,53.77,53.825,167502.0
2018-10-01 15:20:00-04:00,VZ,2018-10-01,53.825,53.83,53.74,53.78,238788.0
2018-10-01 15:30:00-04:00,VZ,2018-10-01,53.78,53.8,53.72,53.74,301328.0
2018-10-01 15:40:00-04:00,VZ,2018-10-01,53.735,53.74,53.6,53.685,428556.0
2018-10-01 15:50:00-04:00,VZ,2018-10-01,53.68,53.855,53.675,53.84,873738.0
2018-10-01 16:00:00-04:00,,,,,,,
2018-10-02 09:30:00-04:00,VZ,2018-10-02,53.8,53.8,53.6,53.7442,196772.0
2018-10-02 09:40:00-04:00,VZ,2018-10-02,53.745,53.93,53.745,53.88,227297.0
2018-10-02 09:50:00-04:00,VZ,2018-10-02,53.89,53.97,53.87,53.97,197097.0
2018-10-02 10:00:00-04:00,VZ,2018-10-02,53.96,54.02,53.91,53.985,193930.0
2018-10-02 10:10:00-04:00,VZ,2018-10-02,53.98,54.08,53.96,53.965,293458.0
2018-10-02 10:20:00-04:00,VZ,2018-10-02,53.96,54.03,53.86,54.0,247865.0
2018-10-02 10:30:00-04:00,VZ,2018-10-02,54.0,54.03,53.9,53.95,232881.0
2018-10-02 10:40:00-04:00,VZ,2018-10-02,53.95,54.0,53.93,53.99,134509.0
2018-10-02 10:50:00-04:00,VZ,2018-10-02,53.983999999999995,54.0252,53.95,53.96,151018.0
2018-10-02 11:00:00-04:00,VZ,2018-10-02,53.955,53.98,53.925,53.95,114151.0
2018-10-02 11:10:00-04:00,VZ,2018-10-02,53.95,54.0,53.94,53.995,105434.0
2018-10-02 11:20:00-04:00,VZ,2018-10-02,53.9948,54.0,53.93,53.94,142547.0
2018-10-02 11:30:00-04:00,VZ,2018-10-02,53.95,53.97,53.92,53.955,122190.0
2018-10-02 11:40:00-04:00,VZ,2018-10-02,53.955,54.04,53.9536,54.025,143311.0
2018-10-02 11:50:00-04:00,VZ,2018-10-02,54.03,54.075,54.02,54.04,119762.0
2018-10-02 12:00:00-04:00,VZ,2018-10-02,54.045,54.12,54.03,54.1151,131606.0
2018-10-02 12:10:00-04:00,VZ,2018-10-02,54.115,54.12,54.045,54.08,132200.0
2018-10-02 12:20:00-04:00,VZ,2018-10-02,54.075,54.17,54.07,54.17,112974.0
2018-10-02 12:30:00-04:00,VZ,2018-10-02,54.165,54.225,54.145,54.195,170666.0
2018-10-02 12:40:00-04:00,VZ,2018-10-02,54.195,54.23,54.19,54.22,144604.0
2018-10-02 12:50:00-04:00,VZ,2018-10-02,54.2267,54.23,54.13,54.165,158348.0
2018-10-02 13:00:00-04:00,VZ,2018-10-02,54.1644,54.21,54.12,54.198,130550.0
2018-10-02 13:10:00-04:00,VZ,2018-10-02,54.195,54.2,54.16,54.16,95561.0
2018-10-02 13:20:00-04:00,VZ,2018-10-02,54.1651,54.22,54.16,54.2171,162202.0
2018-10-02 13:30:00-04:00,VZ,2018-10-02,54.215,54.27,54.21,54.27,214480.0
2018-10-02 13:40:00-04:00,VZ,2018-10-02,54.27,54.28,54.21,54.22,146483.0
2018-10-02 13:50:00-04:00,VZ,2018-10-02,54.22,54.2473,54.19,54.24,136864.0
2018-10-02 14:00:00-04:00,VZ,2018-10-02,54.2445,54.305,54.205,54.3,174210.0
2018-10-02 14:10:00-04:00,VZ,2018-10-02,54.3,54.35,54.29,54.343999999999994,212945.0
2018-10-02 14:20:00-04:00,VZ,2018-10-02,54.35,54.39,54.34,54.38,204269.0
2018-10-02 14:30:00-04:00,VZ,2018-10-02,54.39,54.41,54.345,54.39,199345.0
2018-10-02 14:40:00-04:00,VZ,2018-10-02,54.39,54.395,54.32,54.345,159966.0
2018-10-02 14:50:00-04:00,VZ,2018-10-02,54.35,54.365,54.3,54.315,250425.0
2018-10-02 15:00:00-04:00,VZ,2018-10-02,54.31,54.375,54.285,54.315,237077.0
2018-10-02 15:10:00-04:00,VZ,2018-10-02,54.32,54.35,54.3,54.31,199780.0
2018-10-02 15:20:00-04:00,VZ,2018-10-02,54.31,54.405,54.29,54.3645,246760.0
2018-10-02 15:30:00-04:00,VZ,2018-10-02,54.37,54.435,54.365,54.37,313641.0
2018-10-02 15:40:00-04:00,VZ,2018-10-02,54.37,54.395,54.32,54.39,496557.0
2018-10-02 15:50:00-04:00,VZ,2018-10-02,54.3899,54.42,54.29,54.41,784819.0
2018-10-02 16:00:00-04:00,VZ,2018-10-02,54.42,54.42,54.42,54.42,2263676.0
2018-10-03 09:30:00-04:00,VZ,2018-10-03,54.74,54.93,54.62,54.82,458243.0
2018-10-03 09:40:00-04:00,VZ,2018-10-03,54.82,54.89,54.72,54.89,297239.0
2018-10-03 09:50:00-04:00,VZ,2018-10-03,54.88,54.885,54.74,54.86,231672.0
2018-10-03 10:00:00-04:00,VZ,2018-10-03,54.87,54.9375,54.75,54.89,737509.0
2018-10-03 10:10:00-04:00,VZ,2018-10-03,54.89,54.92,54.685,54.69,325145.0
2018-10-03 10:20:00-04:00,VZ,2018-10-03,54.7,54.74,54.65,54.73,163941.0
2018-10-03 10:30:00-04:00,VZ,2018-10-03,54.74,54.79,54.74,54.7899,187455.0
2018-10-03 10:40:00-04:00,VZ,2018-10-03,54.7853,54.81,54.75,54.77,224256.0
2018-10-03 10:50:00-04:00,VZ,2018-10-03,54.77,54.82,54.73,54.75,167456.0
2018-10-03 11:00:00-04:00,VZ,2018-10-03,54.75,54.785,54.7,54.7101,248682.0
2018-10-03 11:10:00-04:00,VZ,2018-10-03,54.715,54.76,54.705,54.705,182422.0
2018-10-03 11:20:00-04:00,VZ,2018-10-03,54.705,54.73,54.645,54.645,197877.0
2018-10-03 11:30:00-04:00,VZ,2018-10-03,54.65,54.655,54.52,54.535,369031.0
2018-10-03 11:40:00-04:00,VZ,2018-10-03,54.5367,54.585,54.53,54.58,235889.0
2018-10-03 11:50:00-04:00,VZ,2018-10-03,54.58,54.6,54.52,54.53,156774.0
2018-10-03 12:00:00-04:00,VZ,2018-10-03,54.54,54.5475,54.49,54.52,130977.0
2018-10-03 12:10:00-04:00,VZ,2018-10-03,54.5158,54.61,54.51,54.6,193468.0
2018-10-03 12:20:00-04:00,VZ,2018-10-03,54.605,54.64,54.58,54.585,132658.0
2018-10-03 12:30:00-04:00,VZ,2018-10-03,54.5856,54.605,54.555,54.565,170188.0
2018-10-03 12:40:00-04:00,VZ,2018-10-03,54.57,54.57,54.56,54.5637,88638.0
2018-10-03 12:50:00-04:00,VZ,2018-10-03,54.56,54.58,54.51,54.55,159056.0
2018-10-03 13:00:00-04:00,VZ,2018-10-03,54.545,54.6,54.54,54.595,179100.0
2018-10-03 13:10:00-04:00,VZ,2018-10-03,54.595,54.6,54.5,54.535,191791.0
2018-10-03 13:20:00-04:00,VZ,2018-10-03,54.535,54.59,54.5,54.575,175988.0
2018-10-03 13:30:00-04:00,VZ,2018-10-03,54.58,54.5999,54.53,54.55,168021.0
2018-10-03 13:40:00-04:00,VZ,2018-10-03,54.5462,54.57,54.51,54.565,145690.0
2018-10-03 13:50:00-04:00,VZ,2018-10-03,54.5605,54.6,54.5601,54.595,145823.0
2018-10-03 14:00:00-04:00,VZ,2018-10-03,54.6,54.6,54.52,54.6,225580.0
2018-10-03 14:10:00-04:00,VZ,2018-10-03,54.6,54.615,54.53,54.55,245303.0
2018-10-03 14:20:00-04:00,VZ,2018-10-03,54.545,54.57,54.48,54.48,261145.0
2018-10-03 14:30:00-04:00,VZ,2018-10-03,54.48,54.49,54.4,54.46,272472.0
2018-10-03 14:40:00-04:00,VZ,2018-10-03,54.46,54.46,54.26,54.275,496604.0
2018-10-03 14:50:00-04:00,VZ,2018-10-03,54.271,54.28,54.165,54.18,579792.0
2018-10-03 15:00:00-04:00,VZ,2018-10-03,54.18,54.27,54.16,54.225,319957.0
2018-10-03 15:10:00-04:00,VZ,2018-10-03,54.225,54.23,54.135,54.155,421290.0
2018-10-03 15:20:00-04:00,VZ,2018-10-03,54.155,54.22,54.14,54.22,318415.0
2018-10-03 15:30:00-04:00,VZ,2018-10-03,54.22,54.27,54.21,54.215,275610.0
2018-10-03 15:40:00-04:00,VZ,2018-10-03,54.215,54.23,54.2,54.225,291885.0
2018-10-03 15:50:00-04:00,VZ,2018-10-03,54.23,54.3,54.2,54.29,957229.0
2018-10-03 16:00:00-04:00,VZ,2018-10-03,54.29,54.29,54.29,54.29,2392065.0
2018-10-04 09:30:00-04:00,VZ,2018-10-04,54.345,54.48,53.96,54.2683,454140.0
2018-10-04 09:40:00-04:00,VZ,2018-10-04,54.2664,54.345,54.2,54.29,307162.0
2018-10-04 09:50:00-04:00,VZ,2018-10-04,54.295,54.31,54.2,54.26,450086.0
2018-10-04 10:00:00-04:00,VZ,2018-10-04,54.25,54.25,54.15,54.15,228854.0
2018-10-04 10:10:00-04:00,VZ,2018-10-04,54.15,54.155,54.04,54.085,186742.0
2018-10-04 10:20:00-04:00,VZ,2018-10-04,54.085,54.095,53.96,54.03,269297.0
2018-10-04 10:30:00-04:00,VZ,2018-10-04,54.03,54.1,54.01,54.075,180477.0
2018-10-04 10:40:00-04:00,VZ,2018-10-04,54.07,54.145,54.07,54.135,189519.0
2018-10-04 10:50:00-04:00,VZ,2018-10-04,54.135,54.28,54.13,54.27,194135.0
2018-10-04 11:00:00-04:00,VZ,2018-10-04,54.28,54.345,54.27,54.34,204283.0
2018-10-04 11:10:00-04:00,VZ,2018-10-04,54.34,54.4,54.32,54.39,196942.0
2018-10-04 11:20:00-04:00,VZ,2018-10-04,54.3857,54.46,54.34,54.39,352642.0
2018-10-04 11:30:00-04:00,VZ,2018-10-04,54.39,54.44,54.34,54.365,265460.0
2018-10-04 11:40:00-04:00,VZ,2018-10-04,54.36,54.49,54.34,54.46,151720.0
2018-10-04 11:50:00-04:00,VZ,2018-10-04,54.47,54.555,54.45,54.55,132753.0
2018-10-04 12:00:00-04:00,VZ,2018-10-04,54.55,54.62,54.51,54.55,503979.0
2018-10-04 12:10:00-04:00,VZ,2018-10-04,54.55,54.62,54.525,54.6,263365.0
2018-10-04 12:20:00-04:00,VZ,2018-10-04,54.61,54.63,54.56,54.621,215430.0
2018-10-04 12:30:00-04:00,VZ,2018-10-04,54.62,54.7199,54.6159,54.705,298404.0
2018-10-04 12:40:00-04:00,VZ,2018-10-04,54.7,54.84,54.69,54.7749,304615.0
2018-10-04 12:50:00-04:00,VZ,2018-10-04,54.78,54.88,54.7749,54.84,278126.0
2018-10-04 13:00:00-04:00,VZ,2018-10-04,54.84,54.84,54.69,54.7055,221999.0
2018-10-04 13:10:00-04:00,VZ,2018-10-04,54.705,54.7068,54.63,54.655,171006.0
2018-10-04 13:20:00-04:00,VZ,2018-10-04,54.6507,54.76,54.6201,54.7166,188640.0
2018-10-04 13:30:00-04:00,VZ,2018-10-04,54.71,54.735,54.645,54.7192,205356.0
2018-10-04 13:40:00-04:00,VZ,2018-10-04,54.7149,54.8,54.71,54.74,296646.0
2018-10-04 13:50:00-04:00,VZ,2018-10-04,54.7438,54.755,54.68,54.7,278341.0
2018-10-04 14:00:00-04:00,VZ,2018-10-04,54.71,54.74,54.65,54.71,240897.0
2018-10-04 14:10:00-04:00,VZ,2018-10-04,54.7101,54.72,54.665,54.665,232009.0
2018-10-04 14:20:00-04:00,VZ,2018-10-04,54.67,54.73,54.63,54.645,273676.0
2018-10-04 14:30:00-04:00,VZ,2018-10-04,54.645,54.65,54.565,54.635,461010.0
2018-10-04 14:40:00-04:00,VZ,2018-10-04,54.635,54.66,54.58,54.66,309371.0
2018-10-04 14:50:00-04:00,VZ,2018-10-04,54.66,54.77,54.66,54.755,250755.0
2018-10-04 15:00:00-04:00,VZ,2018-10-04,54.76,54.84,54.72,54.835,302785.0
2018-10-04 15:10:00-04:00,VZ,2018-10-04,54.84,54.845,54.78,54.8,185025.0
2018-10-04 15:20:00-04:00,VZ,2018-10-04,54.805,54.87,54.795,54.8447,303193.0
2018-10-04 15:30:00-04:00,VZ,2018-10-04,54.845,54.89,54.83,54.8878,323293.0
2018-10-04 15:40:00-04:00,VZ,2018-10-04,54.885,55.03,54.85,54.98,801486.0
2018-10-04 15:50:00-04:00,VZ,2018-10-04,54.98,55.03,54.92,55.015,1283570.0
2018-10-04 16:00:00-04:00,,,,,,,
2018-10-05 09:30:00-04:00,VZ,2018-10-05,55.06,55.205,55.02,55.05,406631.0
2018-10-05 09:40:00-04:00,VZ,2018-10-05,55.05,55.32,55.05,55.26,312229.0
2018-10-05 09:50:00-04:00,VZ,2018-10-05,55.26,55.32,55.205,55.295,383738.0
2018-10-05 10:00:00-04:00,VZ,2018-10-05,55.3,55.435,55.28,55.3548,621931.0
2018-10-05 10:10:00-04:00,VZ,2018-10-05,55.35,55.37,55.24,55.275,430163.0
2018-10-05 10:20:00-04:00,VZ,2018-10-05,55.28,55.32,55.155,55.16,229484.0
2018-10-05 10:30:00-04:00,VZ,2018-10-05,55.16,55.16,54.97,54.97,218659.0
2018-10-05 10:40:00-04:00,VZ,2018-10-05,54.96,55.01,54.935,54.945,230529.0
2018-10-05 10:50:00-04:00,VZ,2018-10-05,54.95,55.01,54.93,54.96,155494.0
2018-10-05 11:00:00-04:00,VZ,2018-10-05,54.96,54.96,54.871,54.93,142426.0
2018-10-05 11:10:00-04:00,VZ,2018-10-05,54.92,55.045,54.92,55.03,174393.0
2018-10-05 11:20:00-04:00,VZ,2018-10-05,55.02,55.0365,54.9106,54.935,181955.0
2018-10-05 11:30:00-04:00,VZ,2018-10-05,54.94,55.025,54.915,55.01,209786.0
2018-10-05 11:40:00-04:00,VZ,2018-10-05,55.0099,55.07,54.99,55.035,208390.0
2018-10-05 11:50:00-04:00,VZ,2018-10-05,55.035,55.07,54.94,54.94,231056.0
2018-10-05 12:00:00-04:00,VZ,2018-10-05,54.94,55.04,54.915,55.0,328336.0
2018-10-05 12:10:00-04:00,VZ,2018-10-05,55.0,55.01,54.94,55.004,310901.0
2018-10-05 12:20:00-04:00,VZ,2018-10-05,55.01,55.05,54.945,54.9554,244688.0
2018-10-05 12:30:00-04:00,VZ,2018-10-05,54.95,55.01,54.925,54.96,332276.0
2018-10-05 12:40:00-04:00,VZ,2018-10-05,54.96,55.01,54.92,55.0049,137963.0
2018-10-05 12:50:00-04:00,VZ,2018-10-05,55.01,55.05,54.99,55.01,138980.0
2018-10-05 13:00:00-04:00,VZ,2018-10-05,55.01,55.06,54.965,55.04,159748.0
2018-10-05 13:10:00-04:00,VZ,2018-10-05,55.03,55.06,55.0,55.005,182338.0
2018-10-05 13:20:00-04:00,VZ,2018-10-05,55.005,55.04,54.98,55.015,179403.0
2018-10-05 13:30:00-04:00,VZ,2018-10-05,55.02,55.05,54.98,55.03,173202.0
2018-10-05 13:40:00-04:00,VZ,2018-10-05,55.035,55.09,55.02,55.07,180837.0
2018-10-05 13:50:00-04:00,VZ,2018-10-05,55.08,55.11,55.03,55.04,222306.0
2018-10-05 14:00:00-04:00,VZ,2018-10-05,55.04,55.06,54.96,54.9791,274289.0
2018-10-05 14:10:00-04:00,VZ,2018-10-05,54.98,54.99,54.92,54.9726,212067.0
2018-10-05 14:20:00-04:00,VZ,2018-10-05,54.975,54.9813,54.91,54.965,382560.0
2018-10-05 14:30:00-04:00,VZ,2018-10-05,54.96,54.9861,54.88,54.88,273960.0
2018-10-05 14:40:00-04:00,VZ,2018-10-05,54.885,54.89,54.79,54.79600000000001,276586.0
2018-10-05 14:50:00-04:00,VZ,2018-10-05,54.79,54.84,54.78,54.84,181824.0
2018-10-05 15:00:00-04:00,VZ,2018-10-05,54.84,54.93,54.82,54.87,244671.0
2018-10-05 15:10:00-04:00,VZ,2018-10-05,54.87,54.879,54.81,54.85,224180.0
2018-10-05 15:20:00-04:00,VZ,2018-10-05,54.845,54.99,54.84,54.99,297038.0
2018-10-05 15:30:00-04:00,VZ,2018-10-05,54.99,55.0,54.91,54.925,348860.0
2018-10-05 15:40:00-04:00,VZ,2018-10-05,54.92,55.025,54.9,55.015,667553.0
2018-10-05 15:50:00-04:00,VZ,2018-10-05,55.01,55.03,54.92,54.945,1051641.0
2018-10-05 16:00:00-04:00,,,,,,,
